{"-1.302615,36.828842": {"N": 1.0, "P": 0.03, "K": 0.3, "ph": 6.5}, "-1.283253,36.817245": {"N": 100.0, "P": 30.0, "K": 300.0, "ph": 6.5}, "-0.280272,36.071205": {"N": 100.0, "P": 30.0, "K": 300.0, "ph": 6.5}, "-0.535948,37.665288": {"N": 100.0, "P": 30.0, "K": 300.0, "ph": 6.5}, "-1.036395,36.843131": {"N": 100.0, "P": 30.0, "K": 300.0, "ph": 6.5}}